Year,Month,Recreation Visitors,Non-Recreation Visitors,Recreation Visitor Hours,Non-Recreation Hours,Concession Lodging,Tent Campers,RV Campers,Concession Camping,Backcountry Campers,Misc Campers,Non-Recreation Overnight Stays,Total Overnight Stays,
1979,January,0,0,0,0,0,0,0,0,0,0,0,0,
1979,February,0,0,0,0,0,0,0,0,0,0,0,0,
1979,March,0,0,0,0,0,0,0,0,0,0,0,0,
1979,April,0,0,0,0,0,0,0,0,0,0,0,0,
1979,May,386,0,"42,862",0,0,663,0,0,593,485,0,"1,741",
1979,June,"2,255",0,"256,002",0,"1,413","3,628",0,0,"3,367","1,940",0,"10,348",
1979,July,"5,152",15,"479,254","3,930","3,863","7,624",0,189,"6,118","1,269",236,"19,299",
1979,August,"5,713",7,"683,855","4,578","4,262","12,695",0,144,"8,793","1,658",189,"27,741",
1979,September,"1,203",3,"123,196","2,610",119,"2,345",0,0,"2,080",345,108,"4,997",
1979,October,73,3,"12,516","2,376",0,185,0,0,193,39,97,514,
1979,November,0,0,0,0,0,0,0,0,0,0,0,0,
1979,December,0,0,0,0,0,0,0,0,0,0,0,0,
1980,January,0,0,0,0,0,0,0,0,0,0,0,0,
1980,February,0,0,0,0,0,0,0,0,0,0,0,0,
1980,March,0,0,0,0,0,0,0,0,0,0,0,0,
1980,April,0,0,0,0,0,0,0,0,0,0,0,0,
1980,May,553,4,"58,792",364,10,"1,036",0,48,"1,276",21,65,"2,456",
1980,June,"2,642",1,"245,980","2,742","1,127","3,591",0,35,"4,594",250,114,"9,711",
1980,July,"5,140",6,"501,001","1,944","3,866","6,252",0,73,"9,112",923,81,"20,307",
1980,August,"5,934",0,"603,621","2,040","3,704","8,428",0,103,"11,266",871,85,"24,457",
1980,September,640,1,"63,626","2,022",263,397,0,23,"1,647",230,84,"2,644",
1980,October,68,7,"4,908","2,448",0,36,0,0,148,8,102,294,
1980,November,0,0,0,0,0,0,0,0,0,0,0,0,
1980,December,0,0,0,0,0,0,0,0,0,0,0,0,
1981,January,0,0,0,0,0,0,0,0,0,0,0,0,
1981,February,0,0,0,0,0,0,0,0,0,0,0,0,
1981,March,0,0,0,0,0,0,0,0,0,0,0,0,
1981,April,0,0,0,0,0,0,0,0,0,0,0,0,
1981,May,593,4,"70,915",264,90,325,0,145,"2,283",34,10,"2,887",
1981,June,"2,506",1,"240,296","3,006","1,371","1,299",0,43,"6,817",146,125,"9,801",
1981,July,"5,010",0,"444,680","2,904","3,870","2,057",0,217,"10,995",780,121,"18,040",
1981,August,"5,265",0,"517,041","2,376","4,032","2,358",0,74,"13,728",666,99,"20,957",
1981,September,"1,098",1,"125,366","1,374",201,763,0,26,"3,758",183,57,"4,988",
1981,October,86,0,"9,264",408,0,68,0,0,272,33,17,390,
1981,November,0,0,0,0,0,0,0,0,0,0,0,0,
1981,December,0,0,0,0,0,0,0,0,0,0,0,0,
1982,January,0,0,0,0,0,0,0,0,0,0,0,0,
1982,February,0,0,0,0,0,0,0,0,0,0,0,0,
1982,March,0,0,0,0,0,0,0,0,0,0,0,0,
1982,April,0,0,0,0,0,0,0,0,0,0,0,0,
1982,May,517,0,"46,009",0,33,181,0,122,"1,603",26,0,"1,965",
1982,June,"2,153",5,"237,101","1,758","1,291","1,101",0,107,"7,031",73,72,"9,675",
1982,July,"4,470",4,"417,395",368,"3,545","1,770",0,783,"10,186",681,72,"17,037",
1982,August,"5,012",0,"507,549","2,232","3,832","2,288",0,459,"13,413",503,93,"20,588",
1982,September,"1,023",1,"131,474","1,806",959,629,0,66,"3,579",118,74,"5,425",
1982,October,63,2,"3,411",492,0,16,0,0,117,3,20,156,
1982,November,0,0,0,0,0,0,0,0,0,0,0,0,
1982,December,0,0,0,0,0,0,0,0,0,0,0,0,
1983,January,0,0,0,0,0,0,0,0,0,0,0,0,
1983,February,0,0,0,0,0,0,0,0,0,0,0,0,
1983,March,0,0,0,0,0,0,0,0,0,0,0,0,
1983,April,0,0,0,0,0,0,0,0,0,0,0,0,
1983,May,510,8,"50,394","1,410",94,130,0,38,"1,688",44,58,"2,052",
1983,June,"1,988",25,"242,450","1,728","1,020","1,132",0,75,"7,479",143,72,"9,921",
1983,July,"4,264",0,"385,689","2,160","3,126","1,920",0,698,"9,314",517,90,"15,665",
1983,August,"4,953",7,"494,170",954,"3,626","2,793",0,364,"12,890",299,38,"20,010",
1983,September,"1,131",0,"116,751",0,428,623,0,44,"3,560",74,0,"4,729",
1983,October,82,5,"9,102","1,536",0,67,0,0,290,7,64,428,
1983,November,0,0,0,0,0,0,0,0,0,0,0,0,
1983,December,0,0,0,0,0,0,0,0,0,0,0,0,
1984,January,0,0,0,0,0,0,0,0,0,0,0,0,
1984,February,0,0,0,0,0,0,0,0,0,0,0,0,
1984,March,0,0,0,0,0,0,0,0,0,0,0,0,
1984,April,0,0,0,0,0,0,0,0,0,0,0,0,
1984,May,502,322,"44,720",438,71,174,0,5,"1,546",33,14,"1,843",
1984,June,"1,554",805,"164,909","3,656","1,569","1,033",0,131,"5,484",347,18,"8,582",
1984,July,"4,009","1,412","334,426","4,137","1,569","1,866",0,"1,049","8,437",924,155,"14,000",
1984,August,"4,748","1,814","474,040","4,454","3,390","2,456",0,459,"12,296","1,021",163,"19,785",
1984,September,954,432,"122,734","2,098","1,295",566,0,60,"2,944",241,82,"5,188",
1984,October,47,3,"1,128","5,553",0,23,0,0,157,10,231,421,
1984,November,0,6,0,2,0,0,0,0,0,0,0,0,
1984,December,0,36,0,11,0,0,0,0,0,0,0,0,
1985,January,0,28,0,8,0,0,0,0,0,0,0,0,
1985,February,0,91,0,27,0,0,0,0,0,0,0,0,
1985,March,0,110,0,33,0,0,0,0,0,0,0,0,
1985,April,102,704,"1,272",211,0,14,0,0,33,0,0,47,
1985,May,678,28,"54,076","2,424",63,327,0,26,"1,684",170,101,"2,371",
1985,June,"2,786",31,"211,001","5,112","1,534","1,006",0,136,"5,598",458,213,"8,945",
1985,July,"5,756",37,"381,536","6,552","3,439","1,677",0,591,"8,877","1,141",273,"15,998",
1985,August,"6,050",28,"507,606","4,056","3,670","2,815",0,642,"13,057",804,169,"21,157",
1985,September,"1,145",4,"101,104","2,856",613,538,0,20,"2,844",176,119,"4,310",
1985,October,131,0,"10,939","3,216",0,56,0,0,169,2,134,361,
1985,November,10,0,10,0,0,0,0,0,0,0,0,0,
1985,December,117,0,117,0,0,0,0,0,0,0,0,0,
1986,January,22,0,22,0,0,0,0,0,0,0,0,0,
1986,February,116,0,116,0,0,0,0,0,0,0,0,0,
1986,March,337,7,337,"6,456",0,0,0,0,0,0,269,269,
1986,April,297,0,892,"1,440",0,0,0,0,25,0,60,85,
1986,May,863,6,"46,603","2,296",73,158,0,29,"1,421",243,95,"2,019",
1986,June,"3,892",2,"240,122","6,120","1,120","1,059",0,297,"6,884",520,255,"10,135",
1986,July,"9,266",0,"432,888","4,392","4,785","1,732",0,846,"8,785","1,530",183,"17,861",
1986,August,"9,583",8,"505,580","4,640","3,884","2,395",0,540,"13,028",868,192,"20,907",
1986,September,"1,373",0,"100,742","1,512",526,529,0,33,"2,864",207,63,"4,222",
1986,October,150,53,"7,055","8,352",0,45,0,0,221,24,348,638,
1986,November,62,0,62,0,0,0,0,0,0,0,0,0,
1986,December,161,0,161,0,0,0,0,0,0,0,0,0,
1987,January,25,0,25,0,0,0,0,0,0,0,0,0,
1987,February,60,0,60,0,0,0,0,0,0,0,0,0,
1987,March,308,0,308,0,0,0,0,0,0,0,0,0,
1987,April,266,78,"1,261","1,968",0,2,0,0,40,0,82,124,
1987,May,"1,419",58,"58,312","9,056",133,252,0,12,"1,754",237,377,"2,765",
1987,June,"5,197",56,"251,453","9,304",899,"1,211",0,86,"7,118",796,387,"10,497",
1987,July,"10,702",5,"397,086","5,760","2,101","2,114",0,656,"9,229","1,801",240,"16,141",
1987,August,"10,861",1,"447,689","3,840","2,272","2,102",0,454,"11,749","1,521",160,"18,258",
1987,September,"2,571",0,"118,020","1,728",588,551,0,35,"3,184",401,72,"4,831",
1987,October,191,0,"7,134","4,320",0,60,0,0,177,56,180,473,
1987,November,31,0,31,0,0,0,0,0,0,0,0,0,
1987,December,129,0,129,0,0,0,0,0,0,0,0,0,
1988,January,12,0,12,0,0,0,0,0,0,0,0,0,
1988,February,35,0,35,0,0,0,0,0,0,0,0,0,
1988,March,259,0,259,0,0,0,0,0,0,0,0,0,
1988,April,300,18,"1,005",72,0,0,0,0,0,30,0,30,
1988,May,776,18,"55,122","3,672",7,301,0,50,"1,734",190,153,"2,435",
1988,June,"4,491",19,"246,570","6,264","1,083","1,113",0,390,"6,800",571,261,"10,218",
1988,July,"8,711",3,"418,109","4,752","2,277","1,317",0,"1,291","10,437","1,623",198,"17,143",
1988,August,"9,471",1,"420,686","9,936","2,656","2,522",0,504,"9,944","1,347",414,"17,387",
1988,September,"2,248",0,"104,244","1,032",667,630,0,133,"2,648",159,43,"4,280",
1988,October,203,0,"9,428","3,552",0,49,0,0,244,96,148,537,
1988,November,23,0,23,0,0,0,0,0,0,0,0,0,
1988,December,64,0,64,0,0,0,0,0,0,0,0,0,
1989,January,63,0,63,0,0,0,0,0,0,0,0,0,
1989,February,102,0,102,0,0,0,0,0,0,0,0,0,
1989,March,252,0,252,0,0,0,0,0,0,0,0,0,
1989,April,130,2,130,48,0,0,0,0,0,0,2,2,
1989,May,812,29,"48,437","3,320",86,209,0,10,"1,590",107,138,"2,140",
1989,June,"3,940",148,"223,619","10,536",995,"1,121",0,127,"6,249",581,439,"9,512",
1989,July,"9,906",12,"448,091","2,448","2,248","2,182",0,741,"11,388","1,558",102,"18,219",
1989,August,"9,764",95,"453,209","6,240","2,760","2,249",0,504,"11,429","1,330",260,"18,532",
1989,September,"1,854",11,"114,210",792,473,663,0,52,"3,122",373,33,"4,716",
1989,October,198,18,"6,211","3,608",0,22,0,0,199,33,150,404,
1989,November,42,0,42,0,0,0,0,0,0,0,0,0,
1989,December,70,0,70,0,0,0,0,0,0,0,0,0,
1990,January,27,0,27,0,0,0,0,0,0,0,0,0,
1990,February,67,0,67,0,0,0,0,0,0,0,0,0,
1990,March,419,0,419,0,0,0,0,0,0,0,0,0,
1990,April,178,2,178,8,0,0,0,0,0,0,0,0,
1990,May,695,13,"49,190","2,016",35,245,0,23,"1,628",105,84,"2,120",
1990,June,"3,240",11,"256,103","2,472","1,017","1,348",0,127,"7,381",586,103,"10,562",
1990,July,"7,989",23,"481,671","3,408","2,189","2,313",0,731,"12,774","1,612",142,"19,761",
1990,August,"8,509",40,"457,513","4,488","2,067","2,375",0,568,"12,359","1,140",187,"18,696",
1990,September,"1,921",3,"114,218","1,080",514,662,0,88,"3,165",243,45,"4,717",
1990,October,258,5,"7,463","2,184",0,38,0,0,182,83,91,394,
1990,November,25,27,25,"1,296",0,0,0,0,0,0,54,54,
1990,December,167,0,167,0,0,0,0,0,0,0,0,0,
1991,January,71,0,71,0,0,0,0,0,0,0,0,0,
1991,February,69,0,69,0,0,0,0,0,0,0,0,0,
1991,March,311,0,311,0,0,0,0,0,0,0,0,0,
1991,April,168,0,453,0,0,0,0,0,12,0,0,12,
1991,May,784,24,"56,716","3,056",39,244,0,26,"1,906",131,127,"2,473",
1991,June,"3,386",32,"252,735","4,320","1,115","1,115",0,166,"7,547",373,180,"10,496",
1991,July,"7,003",15,"455,165","4,536","2,208","2,330",0,918,"11,850","1,263",189,"18,758",
1991,August,"7,897",25,"493,057","4,200","2,038","2,575",0,721,"13,752","1,079",175,"20,340",
1991,September,"1,818",9,"106,544",936,450,628,0,21,"2,996",271,39,"4,405",
1991,October,162,63,"5,311","3,992",0,10,0,0,85,122,166,383,
1991,November,14,0,14,0,0,0,0,0,0,0,0,0,
1991,December,321,0,"1,056",0,0,0,0,0,0,0,0,0,
1992,January,48,0,48,0,0,0,0,0,0,0,0,0,
1992,February,69,0,69,0,0,0,0,0,0,0,0,0,
1992,March,128,0,128,0,0,0,0,0,0,0,0,0,
1992,April,243,3,908,12,0,0,0,0,28,0,0,28,
1992,May,820,71,"56,045","6,528",43,249,0,8,"1,996",25,272,"2,593",
1992,June,"3,649",5,"256,036","3,764",942,"1,254",0,192,"7,680",323,156,"10,547",
1992,July,"7,125",35,"437,861","2,240","2,071","2,450",0,624,"11,772",899,90,"17,906",
1992,August,"7,961",18,"506,299","3,120","2,311","2,709",0,551,"14,339",773,130,"20,813",
1992,September,"2,191",55,"127,556","4,536",597,699,0,81,"3,617",201,189,"5,384",
1992,October,142,9,"7,020","1,884",0,36,0,0,231,22,78,367,
1992,November,27,0,27,0,0,0,0,0,0,0,0,0,
1992,December,325,0,"1,396",0,0,0,0,0,0,0,0,0,
1993,January,39,0,39,0,0,0,0,0,0,0,0,0,
1993,February,58,0,58,0,0,0,0,0,0,0,0,0,
1993,March,129,0,129,0,0,0,0,0,0,0,0,0,
1993,April,130,0,459,0,0,0,0,0,14,0,0,14,
1993,May,728,73,"60,441","7,008",47,247,0,14,"2,140",60,292,"2,800",
1993,June,"3,211",16,"237,442","4,032",882,"1,123",0,197,"7,035",473,168,"9,878",
1993,July,"7,298",20,"478,828","1,520","1,850","2,633",0,699,"13,245","1,161",62,"19,650",
1993,August,"8,143",19,"537,634","4,968","2,418","3,147",0,620,"14,634","1,197",207,"22,223",
1993,September,"1,952",3,"124,803","1,320",492,852,0,86,"3,469",182,55,"5,136",
1993,October,231,2,"7,151",8,0,56,0,0,153,81,0,290,
1993,November,38,0,38,0,0,0,0,0,0,0,0,0,
1993,December,26,0,26,0,0,0,0,0,0,0,0,0,
1994,January,39,0,39,0,0,0,0,0,0,0,0,0,
1994,February,56,0,56,0,0,0,0,0,0,0,0,0,
1994,March,93,0,93,0,0,0,0,0,0,0,0,0,
1994,April,124,2,124,144,0,0,0,0,0,0,6,6,
1994,May,873,63,"56,170","5,172",10,226,0,2,"1,960",125,215,"2,538",
1994,June,"3,479",10,"232,171","3,908",870,"1,224",0,210,"6,796",354,162,"9,616",
1994,July,"8,502",21,"548,822","4,104","1,752","3,150",0,708,"15,053","1,715",170,"22,548",
1994,August,"9,088",76,"572,183","10,344","2,030","3,219",0,642,"15,581","1,854",422,"23,748",
1994,September,"2,243",12,"131,592","3,176",332,806,0,66,"3,984",197,132,"5,517",
1994,October,253,14,"8,757","2,040",0,40,0,0,299,17,85,441,
1994,November,40,0,40,0,0,0,0,0,0,0,0,0,
1994,December,53,0,53,0,0,0,0,0,0,0,0,0,
1995,January,48,0,48,0,0,0,0,0,0,0,0,0,
1995,February,61,0,61,0,0,0,0,0,0,0,0,0,
1995,March,62,0,62,0,0,0,0,0,0,0,0,0,
1995,April,116,0,116,0,0,0,0,0,0,0,0,0,
1995,May,704,54,"68,262","6,728",17,284,0,9,"2,478",33,280,"3,101",
1995,June,"3,997",4,"298,087","3,192",677,"1,486",0,224,"9,165",636,133,"12,321",
1995,July,"7,421",13,"520,231","2,504","1,876","2,515",0,605,"14,655","1,675",104,"21,430",
1995,August,"8,068",2,"541,242","5,816","2,253","2,983",0,462,"14,505","1,875",242,"22,320",
1995,September,"2,426",9,"149,432","1,392",378,829,0,97,"4,537",243,58,"6,142",
1995,October,228,22,"7,783","4,104",0,81,0,0,224,12,168,485,
1995,November,34,0,34,0,0,0,0,0,0,0,0,0,
1995,December,305,0,"1,355",0,0,0,0,0,0,0,0,0,
1996,January,57,0,57,0,0,0,0,0,0,0,0,0,
1996,February,27,0,27,0,0,0,0,0,0,0,0,0,
1996,March,64,0,64,0,0,0,0,0,0,0,0,0,
1996,April,93,0,93,0,0,0,0,0,0,0,0,0,
1996,May,424,24,"44,871","4,776",118,222,0,0,"1,461",46,199,"2,046",
1996,June,"3,639",7,"329,807","1,632","1,372","1,445",0,161,"9,916",644,68,"13,606",
1996,July,"7,213",25,"536,777","1,632","2,955","2,603",0,590,"14,170","1,632",66,"22,016",
1996,August,"8,690",22,"632,015","1,544","3,322","3,307",0,658,"17,146","1,434",64,"25,931",
1996,September,"1,832",29,"124,840","2,808",506,708,0,23,"3,615",247,116,"5,215",
1996,October,194,13,"9,898","3,048",0,58,0,0,317,32,127,534,
1996,November,154,15,154,60,0,0,0,0,0,0,0,0,
1996,December,"1,058",0,"2,924",0,0,0,0,0,0,0,0,0,
1997,January,75,0,75,0,0,0,0,0,0,0,0,0,
1997,February,47,0,47,0,0,0,0,0,0,0,0,0,
1997,March,56,0,56,0,0,0,0,0,0,0,0,0,
1997,April,102,0,102,0,0,0,0,0,0,0,0,0,
1997,May,662,1,"56,840","4,128",62,232,0,7,"1,976",74,172,"2,523",
1997,June,"3,418",39,"283,460","8,880","1,285","1,156",0,133,"8,502",529,370,"11,975",
1997,July,"6,779",30,"464,612","2,504","2,681","2,091",0,304,"12,913",990,104,"19,083",
1997,August,"7,957",22,"567,138","3,592","3,050","2,847",0,406,"15,468","1,434",149,"23,354",
1997,September,"1,795",20,"106,722","1,920",435,546,0,19,"3,161",186,80,"4,427",
1997,October,208,10,"3,208","2,692",0,10,0,0,92,24,112,238,
1997,November,51,0,51,0,0,0,0,0,0,0,0,0,
1997,December,231,0,231,0,0,0,0,0,0,0,0,0,
1998,January,49,0,49,0,0,0,0,0,0,0,0,0,
1998,February,52,0,52,0,0,0,0,0,0,0,0,0,
1998,March,69,0,69,0,0,0,0,0,0,0,0,0,
1998,April,134,0,134,0,0,0,0,0,0,0,0,0,
1998,May,834,31,"59,120","5,688",43,234,0,11,"2,154",9,237,"2,688",
1998,June,"3,853",46,"278,762","5,568",950,"1,389",0,168,"8,656",231,232,"11,626",
1998,July,"7,642",93,"501,889","3,212","2,441","2,448",0,302,"14,398",896,132,"20,617",
1998,August,"8,454",59,"564,921","14,748","2,742","3,033",0,330,"15,625","1,335",614,"23,679",
1998,September,"2,193",19,"115,113","1,224",546,623,0,29,"3,223",244,50,"4,715",
1998,October,268,18,"9,906","5,336",0,21,0,0,370,14,222,627,
1998,November,66,4,66,16,0,0,0,0,0,0,0,0,
1998,December,318,0,"1,109",0,0,0,0,0,0,0,0,0,
1999,January,29,0,29,0,0,0,0,0,0,0,0,0,
1999,February,59,0,59,0,0,0,0,0,0,0,0,0,
1999,March,64,0,64,0,0,0,0,0,0,0,0,0,
1999,April,125,0,125,0,0,0,0,0,0,0,0,0,
1999,May,"1,057",43,"51,770","5,692",113,246,0,41,"1,587",126,237,"2,350",
1999,June,"3,522",39,"273,876","5,136","1,223","1,152",0,128,"8,232",492,213,"11,440",
1999,July,"7,413",18,"538,091","1,392","2,723","2,515",0,278,"15,144","1,288",57,"22,005",
1999,August,"8,387",27,"557,979","1,668","3,069","2,672",0,196,"15,531","1,303",68,"22,839",
1999,September,"2,224",31,"116,920","5,292",514,494,0,21,"3,379",340,220,"4,968",
1999,October,318,9,"7,497","2,616",0,17,0,0,155,132,109,413,
1999,November,78,0,78,0,0,0,0,0,0,0,0,0,
1999,December,217,0,700,0,0,0,0,0,0,0,0,0,
2000,January,46,0,46,0,0,0,0,0,0,0,0,0,
2000,February,67,0,67,0,0,0,0,0,0,0,0,0,
2000,March,90,0,90,0,0,0,0,0,0,0,0,0,
2000,April,182,0,182,0,0,0,0,0,0,0,0,0,
2000,May,"1,009",24,"87,906","2,616",34,346,0,14,"3,080",165,108,"3,747",
2000,June,"2,986",31,"250,262","2,600","1,247","1,429",0,56,"6,924",596,108,"10,360",
2000,July,"7,148",23,"518,375","5,544","3,021","2,595",0,338,"13,882","1,360",230,"21,426",
2000,August,"7,260",34,"473,759","4,252","2,867","2,195",0,167,"12,440","1,626",176,"19,471",
2000,September,"1,856",23,"122,017","3,604",561,584,0,16,"3,590",217,149,"5,117",
2000,October,202,11,"12,105",872,0,51,0,0,241,206,36,534,
2000,November,49,0,49,0,0,0,0,0,0,0,0,0,
2000,December,201,0,786,0,0,0,0,0,0,0,0,0,
2001,January,23,0,23,0,0,0,0,0,0,0,0,0,
2001,February,49,0,49,0,0,0,0,0,0,0,0,0,
2001,March,73,0,73,0,0,0,0,0,0,0,0,0,
2001,April,96,0,120,0,0,0,0,0,1,0,0,1,
2001,May,914,25,"72,227","2,312",99,285,0,49,"2,475",79,96,"3,083",
2001,June,"2,763",44,"262,303","4,056","1,118",941,0,20,"8,143",549,169,"10,940",
2001,July,"6,139",29,"506,236","1,468","2,144","2,062",0,222,"14,885","1,474",60,"20,847",
2001,August,"7,055",15,"585,186","1,520","2,837","2,466",0,203,"17,635",840,63,"24,044",
2001,September,"1,888",12,"179,443",816,378,912,0,35,"5,603",461,34,"7,423",
2001,October,237,8,"14,033","1,320",0,65,0,6,335,172,55,633,
2001,November,16,0,16,0,0,0,0,0,0,0,0,0,
2001,December,178,0,619,0,0,0,0,0,0,0,0,0,
2002,January,22,0,22,0,0,0,0,0,0,0,0,0,
2002,February,67,0,67,0,0,0,0,0,0,0,0,0,
2002,March,42,0,42,0,0,0,0,0,0,0,0,0,
2002,April,80,0,80,0,0,0,0,0,0,0,0,0,
2002,May,670,17,"51,420","1,352",40,189,0,0,"1,738",160,56,"2,183",
2002,June,"3,197",26,"267,092","1,624","1,064","1,020",0,39,"8,278",524,66,"10,991",
2002,July,"6,533",31,"432,848","2,708","1,260","1,824",0,206,"12,914","1,482",112,"17,798",
2002,August,"6,848",36,"526,266","3,284","3,954","2,199",0,241,"14,016","1,133",136,"21,679",
2002,September,"1,557",13,"110,114","1,128",364,480,0,20,"3,350",299,47,"4,560",
2002,October,252,18,"7,446",864,0,8,0,0,93,202,36,339,
2002,November,24,0,24,0,0,0,0,0,0,0,0,0,
2002,December,171,0,542,0,0,0,0,0,0,0,0,0,
2003,January,78,0,78,0,0,0,0,0,0,0,0,0,
2003,February,54,0,54,0,0,0,0,0,0,0,0,0,
2003,March,37,0,37,0,0,0,0,0,0,0,0,0,
2003,April,99,0,99,0,0,0,0,0,0,0,0,0,
2003,May,826,19,"57,270","2,432",0,304,0,0,"1,991",67,101,"2,463",
2003,June,"2,754",46,"223,568","3,612","1,369",861,0,112,"6,444",374,149,"9,309",
2003,July,"5,350",51,"435,803","4,604","2,144","1,460",0,284,"12,546","1,457",191,"18,082",
2003,August,"6,658",27,"517,579","1,000","2,526","2,180",0,257,"14,906","1,311",40,"21,220",
2003,September,"1,427",18,"123,604","1,128",336,663,0,9,"3,730",332,47,"5,117",
2003,October,267,10,"17,312",480,0,77,0,0,452,185,20,734,
2003,November,15,0,15,0,0,0,0,0,0,0,0,0,
2003,December,235,0,963,0,0,0,0,0,0,0,0,0,
2004,January,35,0,35,0,0,0,0,0,0,0,0,0,
2004,February,39,0,39,0,0,0,0,0,0,0,0,0,
2004,March,75,0,75,0,0,0,0,0,0,0,0,0,
2004,April,102,0,290,0,0,0,0,0,8,0,0,8,
2004,May,696,15,"53,176","1,296",42,234,0,0,"1,888",30,54,"2,248",
2004,June,"2,736",25,"209,715","1,752",989,808,0,40,"6,518",229,73,"8,657",
2004,July,"5,660",14,"399,642","1,056","2,224","1,456",0,261,"11,172","1,226",44,"16,383",
2004,August,"5,731",27,"464,821","1,204","2,663","1,687",0,217,"13,099","1,400",48,"19,114",
2004,September,"1,682",19,"133,696","1,896",781,574,0,24,"3,618",493,79,"5,569",
2004,October,226,14,"13,456","1,824",0,128,0,0,403,24,76,631,
2004,November,31,0,31,0,0,0,0,0,0,0,0,0,
2004,December,263,0,984,0,0,0,0,0,0,0,0,0,
2005,January,39,0,39,0,0,0,0,0,0,0,0,0,
2005,February,33,0,33,0,0,0,0,0,0,0,0,0,
2005,March,77,0,77,0,0,0,0,0,0,0,0,0,
2005,April,78,0,266,0,0,0,0,0,8,0,0,8,
2005,May,689,13,"54,366",312,68,194,0,0,"1,927",53,13,"2,255",
2005,June,"2,702",11,"230,491",680,"1,776",871,0,49,"6,308",469,27,"9,500",
2005,July,"5,415",16,"376,563",336,"2,143","1,093",0,210,"10,577","1,365",12,"15,400",
2005,August,"6,120",18,"488,780",72,"3,348","1,883",0,205,"13,289","1,281",0,"20,006",
2005,September,"1,854",45,"157,438",180,661,874,0,43,"4,420",470,0,"6,468",
2005,October,193,0,"10,307",0,0,13,0,18,360,32,0,423,
2005,November,38,0,38,0,0,0,0,0,0,0,0,0,
2005,December,160,0,482,0,0,0,0,0,0,0,0,0,
2006,January,52,0,52,0,0,0,0,0,0,0,0,0,
2006,February,35,0,35,0,0,0,0,0,0,0,0,0,
2006,March,51,0,51,0,0,0,0,0,0,0,0,0,
2006,April,82,0,135,0,0,0,0,0,2,0,0,2,
2006,May,711,7,"36,748",168,129,158,0,0,"1,171",37,7,"1,502",
2006,June,"2,809",23,"195,133",352,"1,080",860,0,33,"5,685",300,13,"7,971",
2006,July,"5,953",9,"418,177",136,"2,219","1,576",0,159,"11,957","1,207",5,"17,123",
2006,August,"6,113",71,"476,635","3,456","3,687","1,823",0,151,"12,692","1,170",141,"19,664",
2006,September,"1,070",0,"127,948",0,654,752,0,41,"3,686",153,0,"5,286",
2006,October,59,0,"10,416",0,0,61,0,0,246,127,0,434,
2006,November,61,0,61,0,0,0,0,0,0,0,0,0,
2006,December,74,0,130,0,0,0,0,0,0,0,0,0,
2007,January,48,0,48,0,0,0,0,0,0,0,0,0,
2007,February,30,0,30,0,0,0,0,0,0,0,0,0,
2007,March,49,0,49,0,0,0,0,0,0,0,0,0,
2007,April,70,2,70,96,0,0,0,0,0,0,4,4,
2007,May,710,7,"35,969",168,54,200,0,0,"1,200",26,7,"1,487",
2007,June,"2,857",16,"209,796",384,"1,142",850,0,45,"6,200",322,15,"8,574",
2007,July,"5,377",6,"412,153",84,"2,127","1,500",0,200,"11,750","1,275",3,"16,855",
2007,August,"5,249",23,"452,291","1,384","3,084","1,800",0,200,"12,500","1,049",57,"18,690",
2007,September,"1,265",12,"129,918",576,567,775,0,40,"3,700",265,24,"5,371",
2007,October,217,0,"9,430",0,0,10,0,0,50,328,0,388,
2007,November,31,0,31,0,0,0,0,0,0,0,0,0,
2007,December,70,0,140,0,0,0,0,0,0,0,0,0,
2008,January,38,0,38,0,0,0,0,0,0,0,0,0,
2008,February,32,0,32,0,0,0,0,0,0,0,0,0,
2008,March,37,0,37,0,0,0,0,0,0,0,0,0,
2008,April,66,1,84,144,0,0,0,0,0,0,6,6,
2008,May,579,60,"44,035","1,608",49,213,0,8,"1,504",52,66,"1,892",
2008,June,"2,569",7,"202,766",376,"1,004","1,110",0,21,"6,016",160,15,"8,326",
2008,July,"4,184",21,"366,733",84,"2,064","1,506",0,191,"10,437",866,0,"15,064",
2008,August,"5,186",41,"407,952","2,644","2,740","1,611",0,90,"11,194","1,066",108,"16,809",
2008,September,"1,107",50,"99,903","1,200",287,626,0,5,"2,964",193,50,"4,125",
2008,October,194,3,"5,825",72,0,30,0,0,174,32,3,239,
2008,November,19,0,19,0,0,0,0,0,0,0,0,0,
2008,December,27,0,27,0,0,0,0,0,0,0,0,0,
2009,January,31,0,31,0,0,0,0,0,0,0,0,0,
2009,February,32,0,32,0,0,0,0,0,0,0,0,0,
2009,March,43,0,43,0,0,0,0,0,0,0,0,0,
2009,April,72,0,547,0,0,0,0,0,0,20,0,20,
2009,May,653,4,"65,441",16,43,379,0,0,"2,185",98,0,"2,705",
2009,June,"2,465",65,"184,596","2,460","1,028",889,0,24,"5,347",243,100,"7,631",
2009,July,"4,288",48,"312,412","4,336","1,630","1,099",0,162,"8,865","1,024",180,"12,960",
2009,August,"5,332",58,"367,739","1,508","2,596","1,481",0,121,"9,671","1,169",61,"15,099",
2009,September,"1,524",4,"102,914",16,651,660,0,20,"2,611",250,0,"4,192",
2009,October,145,2,"6,291",48,0,43,0,0,185,27,2,257,
2009,November,19,0,19,0,0,0,0,0,0,0,0,0,
2009,December,49,0,49,0,0,0,0,0,0,0,0,0,
2010,January,69,0,69,0,0,0,0,0,0,0,0,0,
2010,February,51,0,51,0,0,0,0,0,0,0,0,0,
2010,March,42,0,42,0,0,0,0,0,0,0,0,0,
2010,April,94,0,753,0,0,0,0,0,25,3,0,28,
2010,May,652,4,"58,032",16,13,358,0,0,"1,956",73,0,"2,400",
2010,June,"2,372",18,"211,282",824,"1,287","1,165",0,26,"5,729",430,33,"8,670",
2010,July,"5,245",9,"385,494",168,"2,171","1,398",0,173,"10,964","1,048",6,"15,760",
2010,August,"5,463",56,"396,872","1,392","2,389","1,756",0,118,"11,025",920,56,"16,264",
2010,September,"1,514",7,"136,513",504,499,793,0,44,"4,149",132,21,"5,638",
2010,October,237,6,"7,648",936,0,32,0,0,268,9,39,348,
2010,November,38,0,38,0,0,0,0,0,0,0,0,0,
2010,December,16,0,16,0,0,0,0,0,0,0,0,0,
2011,January,35,0,35,0,0,0,0,0,0,0,0,0,
2011,February,35,0,35,0,0,0,0,0,0,0,0,0,
2011,March,38,0,38,0,0,0,0,0,0,0,0,0,
2011,April,53,0,53,0,0,0,0,0,0,0,0,0,
2011,May,601,56,"51,043","1,224",26,240,0,2,"1,676",164,50,"2,158",
2011,June,"2,501",19,"216,605",408,"1,354","1,003",0,39,"6,012",446,15,"8,869",
2011,July,"5,163",29,"359,763",328,"1,891","1,414",0,129,"10,335",898,10,"14,677",
2011,August,"5,803",26,"434,903",192,"2,400","1,739",0,149,"12,358","1,125",4,"17,775",
2011,September,"1,332",10,"121,495","1,020",467,715,0,46,"3,629",141,42,"5,040",
2011,October,272,4,"6,548",768,0,19,0,0,211,6,32,268,
2011,November,39,0,39,0,0,0,0,0,0,0,0,0,
2011,December,20,0,20,0,0,0,0,0,0,0,0,0,
2012,January,31,0,31,0,0,0,0,0,0,0,0,0,
2012,February,41,0,41,0,0,0,0,0,0,0,0,0,
2012,March,56,0,56,0,0,0,0,0,0,0,0,0,
2012,April,61,0,"1,004",0,0,0,0,0,36,4,0,40,
2012,May,692,3,"55,391",12,38,389,0,0,"1,826",31,0,"2,284",
2012,June,"2,628",4,"193,694",16,"1,119",973,0,33,"5,378",356,0,"7,859",
2012,July,"5,523",22,"386,319","1,448","1,905","1,459",0,134,"11,443",825,60,"15,826",
2012,August,"5,467",12,"410,862",248,"2,566","1,751",0,137,"11,463",859,10,"16,786",
2012,September,"1,916",0,"122,921",0,597,860,0,18,"3,476",93,0,"5,044",
2012,October,181,0,"5,752",0,0,31,0,0,186,10,0,227,
2012,November,26,0,26,0,0,0,0,0,0,0,0,0,
2012,December,41,0,41,0,0,0,0,0,0,0,0,0,
2013,January,21,0,21,0,0,0,0,0,0,0,0,0,
2013,February,29,4,29,"2,112",0,0,0,0,0,0,88,88,
2013,March,26,0,26,0,0,0,0,0,0,0,0,0,
2013,April,35,0,271,0,0,0,0,0,10,0,0,10,
2013,May,564,51,"49,734","1,224",106,367,0,0,"1,409",165,51,"2,098",
2013,June,"3,660",18,"206,421","1,004","1,167","1,102",0,0,"5,735",358,41,"8,403",
2013,July,"5,087",6,"342,107",24,"2,047","1,262",0,0,"10,073",560,0,"13,942",
2013,August,"5,398",22,"400,504",572,"2,482","1,553",0,0,"11,242","1,087",22,"16,386",
2013,September,"1,376",8,"136,149",32,725,989,0,0,"3,806",83,0,"5,603",
2013,October,32,0,"2,037",0,0,16,0,0,68,0,0,84,
2013,November,25,0,25,0,0,0,0,0,0,0,0,0,
2013,December,21,0,21,0,0,0,0,0,0,0,0,0,
2014,January,11,6,11,"1,320",0,0,0,0,0,0,55,55,
2014,February,12,2,12,960,0,0,0,0,0,0,40,40,
2014,March,6,0,6,0,0,0,0,0,0,0,0,0,
2014,April,15,0,15,0,0,0,0,0,0,0,0,0,
2014,May,440,10,"39,150","1,344",24,487,0,0,"1,075",33,56,"1,675",
2014,June,"2,548",25,"174,688",400,"1,248","1,034",0,39,"4,379",343,15,"7,058",
2014,July,"4,745",17,"373,650",516,"2,444","1,716",0,161,"10,303",650,20,"15,294",
2014,August,"5,330",76,"396,759","4,252","3,192","1,527",0,125,"10,762",604,176,"16,386",
2014,September,"1,284",23,"112,629","2,624",423,994,0,21,"3,143",41,109,"4,731",
2014,October,122,7,305,300,0,0,0,0,0,0,12,12,
2014,November,19,0,19,0,0,0,0,0,0,0,0,0,
2014,December,28,0,28,0,0,0,0,0,0,0,0,0,
2015,January,12,2,12,"1,008",0,0,0,0,0,0,42,42,
2015,February,20,2,20,"1,008",0,0,0,0,0,0,42,42,
2015,March,41,0,41,0,0,0,0,0,0,0,0,0,
2015,April,78,0,522,0,0,0,0,0,14,0,0,14,
2015,May,947,2,"114,408",8,131,898,0,0,"3,593",40,0,"4,662",
2015,June,"3,309",19,"239,608","1,024","1,915","1,206",0,40,"6,211",243,41,"9,656",
2015,July,"5,059",74,"331,240","7,240","2,137","1,313",0,131,"9,440",199,300,"13,520",
2015,August,"7,081",26,"341,081",664,"1,999","1,398",0,109,"9,416",395,24,"13,341",
2015,September,"1,869",11,"66,481","1,184",890,318,0,12,"1,363",22,49,"2,654",
2015,October,176,6,"1,400",216,0,0,0,0,35,1,9,45,
2015,November,44,0,44,0,0,0,0,0,0,0,0,0,
2015,December,48,0,48,0,0,0,0,0,0,0,0,0,
2016,January,26,2,26,480,0,0,0,0,0,0,20,20,
2016,February,34,2,34,"1,344",0,0,0,0,0,0,56,56,
2016,March,52,0,52,0,0,0,0,0,0,0,0,0,
2016,April,60,0,60,0,0,0,0,0,0,0,0,0,
2016,May,"1,032",2,"49,355",8,63,110,0,2,"1,182",674,0,"2,031",
2016,June,"4,040",18,"198,984","1,432","1,812",376,0,13,"2,818","2,869",59,"7,947",
2016,July,"7,567",9,"372,586",624,"3,260",559,0,74,"5,006","6,069",25,"14,993",
2016,August,"8,878",16,"450,569","1,448","3,896","1,594",0,63,"10,105","2,449",60,"18,167",
2016,September,"2,911",6,"140,277",832,"1,097",507,0,19,"3,456",573,34,"5,686",
2016,October,235,18,"2,369","2,016",0,14,0,0,37,31,84,166,
2016,November,70,0,70,0,0,0,0,0,0,0,0,0,
2016,December,61,0,61,0,0,0,0,0,0,0,0,0,
2017,January,47,5,47,"1,680",0,0,0,0,0,0,70,70,
2017,February,67,0,67,"3,360",0,0,0,0,0,0,140,140,
2017,March,87,0,87,0,0,0,0,0,0,0,0,0,
2017,April,128,1,125,48,0,0,0,0,0,0,2,2,
2017,May,"1,377",2,"81,150",8,40,379,0,1,"1,940",968,0,"3,328",
2017,June,"4,576",38,"230,618","1,912","2,243",675,0,18,"3,696","2,608",78,"9,318",
2017,July,"8,212",28,"355,374",864,"3,465",978,0,89,"5,442","4,296",33,"14,303",
2017,August,"10,251",46,"429,021","2,120","4,326","1,195",0,65,"7,661","3,858",86,"17,191",
2017,September,"3,046",11,"141,553",356,"1,298",614,0,12,"2,923",808,14,"5,669",
2017,October,255,2,"1,306",0,0,9,0,0,31,0,0,40,
2017,November,69,0,69,0,0,0,0,0,0,0,0,0,
2017,December,81,0,81,0,0,0,0,0,0,0,0,0,
2018,January,32,6,32,"1,968",0,0,0,0,0,0,82,82,
2018,February,67,0,67,"2,880",0,0,0,0,0,0,120,120,
2018,March,65,6,65,"2,376",0,0,0,0,0,0,99,99,
2018,April,65,0,65,0,0,0,0,0,0,0,0,0,
2018,May,961,29,"60,092","5,888",59,441,0,1,"1,645",322,245,"2,713",
2018,June,"4,751",40,"235,911","8,348","2,251",787,0,14,"4,374","2,060",347,"9,833",
2018,July,"7,296",25,"378,226","1,752","3,744","1,286",0,102,"5,680","4,569",71,"15,452",
2018,August,"8,813",27,"388,140","1,456","1,906","1,695",0,81,"8,626","3,413",58,"15,779",
2018,September,"3,168",14,"188,591","1,688","1,602",932,0,20,"4,359",780,69,"7,762",
2018,October,474,11,"3,695","2,136",0,32,0,0,74,29,89,224,
2018,November,55,0,55,0,0,0,0,0,0,0,0,0,
2018,December,51,0,51,0,0,0,0,0,0,0,0,0,
2019,January,4,0,4,0,0,0,0,0,0,0,0,0,
2019,February,37,12,37,"3,672",0,0,0,0,0,0,153,153,
2019,March,55,27,55,288,0,0,0,0,0,0,8,8,
2019,April,61,2,61,96,0,0,0,0,0,0,4,4,
2019,May,"1,055",29,"67,752","5,280",110,474,0,0,"2,034",166,220,"3,004",
2019,June,"4,837",64,"256,458","4,516","2,639",771,0,41,"4,891","1,995",184,"10,521",
2019,July,"7,714",67,"371,732","5,456","3,769","1,090",0,49,"6,359","3,764",223,"15,254",
2019,August,"8,798",59,"460,024","2,776","4,364","1,778",0,72,"9,140","3,409",111,"18,874",
2019,September,"3,342",22,"177,453","2,200","1,426",762,0,10,"4,436",598,91,"7,323",
2019,October,402,9,"1,967",984,0,27,0,0,39,0,41,107,
2019,November,47,0,47,0,0,0,0,0,0,0,0,0,
2019,December,58,0,58,0,0,0,0,0,0,0,0,0,
2020,January,47,5,47,"1,200",0,0,0,0,0,0,50,50,
2020,February,49,8,49,"3,336",0,0,0,0,0,0,139,139,
2020,March,41,13,41,"2,424",0,0,0,0,0,0,101,101,
2020,April,0,0,0,0,0,0,0,0,0,0,0,0,
2020,May,0,0,0,0,0,0,0,0,0,0,0,0,
2020,June,240,10,"6,954",80,0,36,0,0,54,191,2,283,
2020,July,"2,160",33,"76,226","5,572",0,637,0,0,"1,678",809,229,"3,353",
2020,August,"2,494",45,"125,311","4,984",0,768,0,0,"3,588",816,203,"5,375",
2020,September,"1,404",26,"86,049","3,212",0,645,0,0,"2,704",207,133,"3,689",
2020,October,58,10,10,"1,320",0,0,0,0,0,0,55,55,
2020,November,0,0,0,0,0,0,0,0,0,0,0,0,
2020,December,0,0,0,0,0,0,0,0,0,0,0,0,
2021,January,0,0,0,0,0,0,0,0,0,0,0,0,
2021,February,0,0,0,0,0,0,0,0,0,0,0,0,
2021,March,0,0,0,0,0,0,0,0,0,0,0,0,
2021,April,39,5,39,600,0,0,0,0,0,0,25,25,
2021,May,"1,206",13,"60,728","6,744",41,405,0,0,"1,798",235,281,"2,760",
2021,June,"5,247",16,"300,141","6,480","1,976","1,348",0,40,"6,482","2,378",270,"12,494",
2021,July,"8,335",17,"399,546",956,"2,674","1,548",0,144,"7,284","4,590",38,"16,278",
2021,August,"7,513",22,"491,746","3,168","2,757","2,302",0,60,"11,558","3,503",132,"20,312",
2021,September,"3,272",11,"172,534","1,968",801,847,0,14,"5,006",396,82,"7,146",
2021,October,232,4,168,576,0,0,0,0,0,0,24,24,
2021,November,0,0,0,0,0,0,0,0,0,0,0,0,
2021,December,0,0,0,0,0,0,0,0,0,0,0,0,
2022,January,0,9,0,"1,512",0,0,0,0,0,0,63,63,
2022,February,0,6,0,"4,896",0,0,0,0,0,0,204,204,
2022,March,0,0,0,0,0,0,0,0,0,0,0,0,
2022,April,37,0,37,0,0,0,0,0,0,0,0,0,
2022,May,"1,206",28,"64,292","9,240",119,360,0,0,"1,897",252,385,"3,013",
2022,June,"5,224",30,"290,746","8,432","2,527","1,291",0,34,"5,742","2,238",350,"12,182",
2022,July,"7,938",26,"400,207","8,160","3,238","1,496",0,96,"6,456","4,906",340,"16,532",
2022,August,"7,981",23,"492,168","7,968","4,175","2,120",0,79,"9,741","3,983",332,"20,430",
2022,September,"2,849",0,"156,161","5,760","1,060",928,0,8,"3,781",624,240,"6,641",
2022,October,219,0,397,960,0,6,0,0,2,0,40,48,
2022,November,0,0,0,0,0,0,0,0,0,0,0,0,
2022,December,0,0,0,0,0,0,0,0,0,0,0,0,
2023,January,0,3,0,864,0,0,0,0,0,0,36,36,
2023,February,0,15,0,"5,260",0,0,0,0,0,0,219,219,
2023,March,0,0,0,"2,112",0,0,0,0,0,0,88,88,
2023,April,51,3,51,432,0,0,0,0,0,0,18,18,
2023,May,"1,376",20,"86,983","6,512",467,406,0,11,"2,257",426,271,"3,838",
2023,June,"6,184",23,"307,098","11,028","2,273","1,326",0,114,"6,332","2,393",459,"12,897",
2023,July,"8,766",12,"440,812","9,240","4,895","1,313",0,196,"6,703","4,758",385,"18,250",
2023,August,"8,982",11,"502,627","8,932","4,480","2,184",0,94,"10,252","3,412",372,"20,794",
2023,September,"3,307",6,"186,674","3,960","1,584",937,0,30,"4,528",525,165,"7,769",
2023,October,299,1,657,144,0,0,0,0,0,10,6,16,
2023,November,0,0,0,0,0,0,0,0,0,0,0,0,
2023,December,0,0,0,0,0,0,0,0,0,0,0,0,
2024,January,0,7,0,"2,184",0,0,0,0,0,0,91,91,
2024,February,0,0,0,0,0,0,0,0,0,0,0,0,
2024,March,0,0,0,0,0,0,0,0,0,0,0,0,
2024,April,83,12,860,384,0,20,0,0,0,16,16,52,
2024,May,"1,689",10,"69,970","8,424",318,455,0,0,"1,852",333,351,"3,309",
2024,June,"5,759",7,"287,373","6,624","1,480","1,159",0,7,"5,573","3,839",276,"12,334",
2024,July,"8,629",11,"480,107","6,864","4,376","1,587",0,88,"6,935","7,195",286,"20,467",
2024,August,"8,933",16,"515,578","6,336","4,104","2,232",0,87,"10,021","5,377",263,"22,084",
2024,September,"3,421",4,"195,171","3,336","1,190",982,0,11,"4,872","1,264",139,"8,458",
2024,October,292,1,"3,042",360,0,1,0,0,6,120,15,142,
2024,November,0,0,0,0,0,0,0,0,0,0,0,0,
2024,December,0,0,0,0,0,0,0,0,0,0,0,0,
,,,,,,,,,,,,,,
,,,,,,,,,,,,,,
